column,type,label,description
gm_dataset_name,text,Dataset Name,
gm_well_category,text,Well Category,
gm_data_source,text,Data Source,
gm_well_id,text,Well ID,
gm_chemical_vvl,text,Chemical Valid Value,
gm_chemical_name,text,Chemical Name,
gm_result_modifier,text,Result Modifier,
gm_result,numeric,Result,
gm_chemical_units,text,,
gm_reporting_limit,numeric,Reporting Limit,
gm_samp_collection_date,timestamp,Sample Collection Date,
gm_latitude,numeric,Latitude,
gm_longitude,numeric,Longitude,
gm_well_depth_ft,numeric,Well Depth (Ft),
gm_top_depth_of_screen_ft,numeric,Top Depth Of Screen (Ft),
gm_bottom_depth_of_screen_ft,numeric,Bottom Depth Of Screen (Ft),
gm_cas_number,text,CAS Number,
gm_altwell_id1,text,Altwell ID1,
gm_altwell_id2,text,Altwell ID2,
gm_altwell_id3,text,Altwell ID3,
src_chemical,text,Chemical (source),
src_result_modifier,text,Result Modifier (source),
src_result,numeric,Result (source),
src_chemical_units,text,,
src_reporting_limit,numeric,Reporting Limit (source),
src_samp_collection_date,timestamp,Sample Collection Date (source),
src_samp_collection_time,text,Sample Collection Time (source),
src_analytical_method,text,Analytical Method (source),
src_lab_note,text,Lab Note (source),
src_latitude,numeric,Latitude (source),
src_longitude,numeric,Longitude (source),
src_datum,text,Datum (source),
src_well_depth_ft,numeric,Well Depth (Ft) (source),
src_top_depth_of_screen_ft,numeric,Top Depth Of Screen (Ft) (source),
src_bottom_depth_of_screen_ft,numeric,Bottom Depth Of Screen (Ft) (source),
